admin2_code,img_url
01001,01001.png
01003,01003.png
01005,01005.png
01007,01007.png
01009,01009.png
01011,01011.png
01013,01013.png
01015,01015.png
01017,01017.png
01019,01019.png
01021,01021.png
01023,01023.png
01025,01025.png
01027,01027.png
01029,01029.png
01031,01031.png
01033,01033.png
01035,01035.png
01037,01037.png
01039,01039.png
01041,01041.png
01043,01043.png
01045,01045.png
01047,01047.png
01049,01049.png
01051,01051.png
01053,01053.png
01055,01055.png
01057,01057.png
01059,01059.png
01061,01061.png
01063,01063.png
01065,01065.png
01067,01067.png
01069,01069.png
01071,01071.png
01073,01073.png
01075,01075.png
01077,01077.png
01079,01079.png
01081,01081.png
01083,01083.png
01085,01085.png
01087,01087.png
01089,01089.png
01091,01091.png
01093,01093.png
01095,01095.png
01097,01097.png
01099,01099.png
01101,01101.png
01103,01103.png
01105,01105.png
01107,01107.png
01109,01109.png
01111,01111.png
01113,01113.png
01115,01115.png
01117,01117.png
01119,01119.png
01121,01121.png
01123,01123.png
01125,01125.png
01127,01127.png
01129,01129.png
01131,01131.png
01133,01133.png
02013,02013.png
02016,02016.png
02020,02020.png
02050,02050.png
02060,02060.png
02068,02068.png
02070,02070.png
02090,02090.png
02100,02100.png
02105,02105.png
02110,02110.png
02122,02122.png
02130,02130.png
02150,02150.png
02158,02158.png
02164,02164.png
02170,02170.png
02180,02180.png
02185,02185.png
02188,02188.png
02195,02195.png
02198,02198.png
02220,02220.png
02230,02230.png
02240,02240.png
02261,02261.png
02275,02275.png
02282,02282.png
02290,02290.png
04001,04001.png
04003,04003.png
04005,04005.png
04007,04007.png
04009,04009.png
04011,04011.png
04012,04012.png
04013,04013.png
04015,04015.png
04017,04017.png
04019,04019.png
04021,04021.png
04023,04023.png
04025,04025.png
04027,04027.png
05001,05001.png
05003,05003.png
05005,05005.png
05007,05007.png
05009,05009.png
05011,05011.png
05013,05013.png
05015,05015.png
05017,05017.png
05019,05019.png
05021,05021.png
05023,05023.png
05025,05025.png
05027,05027.png
05029,05029.png
05031,05031.png
05033,05033.png
05035,05035.png
05037,05037.png
05039,05039.png
05041,05041.png
05043,05043.png
05045,05045.png
05047,05047.png
05049,05049.png
05051,05051.png
05053,05053.png
05055,05055.png
05057,05057.png
05059,05059.png
05061,05061.png
05063,05063.png
05065,05065.png
05067,05067.png
05069,05069.png
05071,05071.png
05073,05073.png
05075,05075.png
05077,05077.png
05079,05079.png
05081,05081.png
05083,05083.png
05085,05085.png
05087,05087.png
05089,05089.png
05091,05091.png
05093,05093.png
05095,05095.png
05097,05097.png
05099,05099.png
05101,05101.png
05103,05103.png
05105,05105.png
05107,05107.png
05109,05109.png
05111,05111.png
05113,05113.png
05115,05115.png
05117,05117.png
05119,05119.png
05121,05121.png
05123,05123.png
05125,05125.png
05127,05127.png
05129,05129.png
05131,05131.png
05133,05133.png
05135,05135.png
05137,05137.png
05139,05139.png
05141,05141.png
05143,05143.png
05145,05145.png
05147,05147.png
05149,05149.png
06001,06001.png
06003,06003.png
06005,06005.png
06007,06007.png
06009,06009.png
06011,06011.png
06013,06013.png
06015,06015.png
06017,06017.png
06019,06019.png
06021,06021.png
06023,06023.png
06025,06025.png
06027,06027.png
06029,06029.png
06031,06031.png
06033,06033.png
06035,06035.png
06037,06037.png
06039,06039.png
06041,06041.png
06043,06043.png
06045,06045.png
06047,06047.png
06049,06049.png
06051,06051.png
06053,06053.png
06055,06055.png
06057,06057.png
06059,06059.png
06061,06061.png
06063,06063.png
06065,06065.png
06067,06067.png
06069,06069.png
06071,06071.png
06073,06073.png
06075,06075.png
06077,06077.png
06079,06079.png
06081,06081.png
06083,06083.png
06085,06085.png
06087,06087.png
06089,06089.png
06091,06091.png
06093,06093.png
06095,06095.png
06097,06097.png
06099,06099.png
06101,06101.png
06103,06103.png
06105,06105.png
06107,06107.png
06109,06109.png
06111,06111.png
06113,06113.png
06115,06115.png
08001,08001.png
08003,08003.png
08005,08005.png
08007,08007.png
08009,08009.png
08011,08011.png
08013,08013.png
08014,08014.png
08015,08015.png
08017,08017.png
08019,08019.png
08021,08021.png
08023,08023.png
08025,08025.png
08027,08027.png
08029,08029.png
08031,08031.png
08033,08033.png
08035,08035.png
08037,08037.png
08039,08039.png
08041,08041.png
08043,08043.png
08045,08045.png
08047,08047.png
08049,08049.png
08051,08051.png
08053,08053.png
08055,08055.png
08057,08057.png
08059,08059.png
08061,08061.png
08063,08063.png
08065,08065.png
08067,08067.png
08069,08069.png
08071,08071.png
08073,08073.png
08075,08075.png
08077,08077.png
08079,08079.png
08081,08081.png
08083,08083.png
08085,08085.png
08087,08087.png
08089,08089.png
08091,08091.png
08093,08093.png
08095,08095.png
08097,08097.png
08099,08099.png
08101,08101.png
08103,08103.png
08105,08105.png
08107,08107.png
08109,08109.png
08111,08111.png
08113,08113.png
08115,08115.png
08117,08117.png
08119,08119.png
08121,08121.png
08123,08123.png
08125,08125.png
09001,09001.png
09003,09003.png
09005,09005.png
09007,09007.png
09009,09009.png
09011,09011.png
09013,09013.png
09015,09015.png
10001,10001.png
10003,10003.png
10005,10005.png
11001,11001.png
12001,12001.png
12003,12003.png
12005,12005.png
12007,12007.png
12009,12009.png
12011,12011.png
12013,12013.png
12015,12015.png
12017,12017.png
12019,12019.png
12021,12021.png
12023,12023.png
12027,12027.png
12029,12029.png
12031,12031.png
12033,12033.png
12035,12035.png
12037,12037.png
12039,12039.png
12041,12041.png
12043,12043.png
12045,12045.png
12047,12047.png
12049,12049.png
12051,12051.png
12053,12053.png
12055,12055.png
12057,12057.png
12059,12059.png
12061,12061.png
12063,12063.png
12065,12065.png
12067,12067.png
12069,12069.png
12071,12071.png
12073,12073.png
12075,12075.png
12077,12077.png
12079,12079.png
12081,12081.png
12083,12083.png
12085,12085.png
12086,12086.png
12087,12087.png
12089,12089.png
12091,12091.png
12093,12093.png
12095,12095.png
12097,12097.png
12099,12099.png
12101,12101.png
12103,12103.png
12105,12105.png
12107,12107.png
12109,12109.png
12111,12111.png
12113,12113.png
12115,12115.png
12117,12117.png
12119,12119.png
12121,12121.png
12123,12123.png
12125,12125.png
12127,12127.png
12129,12129.png
12131,12131.png
12133,12133.png
13001,13001.png
13003,13003.png
13005,13005.png
13007,13007.png
13009,13009.png
13011,13011.png
13013,13013.png
13015,13015.png
13017,13017.png
13019,13019.png
13021,13021.png
13023,13023.png
13025,13025.png
13027,13027.png
13029,13029.png
13031,13031.png
13033,13033.png
13035,13035.png
13037,13037.png
13039,13039.png
13043,13043.png
13045,13045.png
13047,13047.png
13049,13049.png
13051,13051.png
13053,13053.png
13055,13055.png
13057,13057.png
13059,13059.png
13061,13061.png
13063,13063.png
13065,13065.png
13067,13067.png
13069,13069.png
13071,13071.png
13073,13073.png
13075,13075.png
13077,13077.png
13079,13079.png
13081,13081.png
13083,13083.png
13085,13085.png
13087,13087.png
13089,13089.png
13091,13091.png
13093,13093.png
13095,13095.png
13097,13097.png
13099,13099.png
13101,13101.png
13103,13103.png
13105,13105.png
13107,13107.png
13109,13109.png
13111,13111.png
13113,13113.png
13115,13115.png
13117,13117.png
13119,13119.png
13121,13121.png
13123,13123.png
13125,13125.png
13127,13127.png
13129,13129.png
13131,13131.png
13133,13133.png
13135,13135.png
13137,13137.png
13139,13139.png
13141,13141.png
13143,13143.png
13145,13145.png
13147,13147.png
13149,13149.png
13151,13151.png
13153,13153.png
13155,13155.png
13157,13157.png
13159,13159.png
13161,13161.png
13163,13163.png
13165,13165.png
13167,13167.png
13169,13169.png
13171,13171.png
13173,13173.png
13175,13175.png
13177,13177.png
13179,13179.png
13181,13181.png
13183,13183.png
13185,13185.png
13187,13187.png
13189,13189.png
13191,13191.png
13193,13193.png
13195,13195.png
13197,13197.png
13199,13199.png
13201,13201.png
13205,13205.png
13207,13207.png
13209,13209.png
13211,13211.png
13213,13213.png
13215,13215.png
13217,13217.png
13219,13219.png
13221,13221.png
13223,13223.png
13225,13225.png
13227,13227.png
13229,13229.png
13231,13231.png
13233,13233.png
13235,13235.png
13237,13237.png
13239,13239.png
13241,13241.png
13243,13243.png
13245,13245.png
13247,13247.png
13249,13249.png
13251,13251.png
13253,13253.png
13255,13255.png
13257,13257.png
13259,13259.png
13261,13261.png
13263,13263.png
13265,13265.png
13267,13267.png
13269,13269.png
13271,13271.png
13273,13273.png
13275,13275.png
13277,13277.png
13279,13279.png
13281,13281.png
13283,13283.png
13285,13285.png
13287,13287.png
13289,13289.png
13291,13291.png
13293,13293.png
13295,13295.png
13297,13297.png
13299,13299.png
13301,13301.png
13303,13303.png
13305,13305.png
13307,13307.png
13309,13309.png
13311,13311.png
13313,13313.png
13315,13315.png
13317,13317.png
13319,13319.png
13321,13321.png
15001,15001.png
15003,15003.png
15005,15005.png
15007,15007.png
15009,15009.png
16001,16001.png
16003,16003.png
16005,16005.png
16007,16007.png
16009,16009.png
16011,16011.png
16013,16013.png
16015,16015.png
16017,16017.png
16019,16019.png
16021,16021.png
16023,16023.png
16025,16025.png
16027,16027.png
16029,16029.png
16031,16031.png
16033,16033.png
16035,16035.png
16037,16037.png
16039,16039.png
16041,16041.png
16043,16043.png
16045,16045.png
16047,16047.png
16049,16049.png
16051,16051.png
16053,16053.png
16055,16055.png
16057,16057.png
16059,16059.png
16061,16061.png
16063,16063.png
16065,16065.png
16067,16067.png
16069,16069.png
16071,16071.png
16073,16073.png
16075,16075.png
16077,16077.png
16079,16079.png
16081,16081.png
16083,16083.png
16085,16085.png
16087,16087.png
17001,17001.png
17003,17003.png
17005,17005.png
17007,17007.png
17009,17009.png
17011,17011.png
17013,17013.png
17015,17015.png
17017,17017.png
17019,17019.png
17021,17021.png
17023,17023.png
17025,17025.png
17027,17027.png
17029,17029.png
17031,17031.png
17033,17033.png
17035,17035.png
17037,17037.png
17039,17039.png
17041,17041.png
17043,17043.png
17045,17045.png
17047,17047.png
17049,17049.png
17051,17051.png
17053,17053.png
17055,17055.png
17057,17057.png
17059,17059.png
17061,17061.png
17063,17063.png
17065,17065.png
17067,17067.png
17069,17069.png
17071,17071.png
17073,17073.png
17075,17075.png
17077,17077.png
17079,17079.png
17081,17081.png
17083,17083.png
17085,17085.png
17087,17087.png
17089,17089.png
17091,17091.png
17093,17093.png
17095,17095.png
17097,17097.png
17099,17099.png
17101,17101.png
17103,17103.png
17105,17105.png
17107,17107.png
17109,17109.png
17111,17111.png
17113,17113.png
17115,17115.png
17117,17117.png
17119,17119.png
17121,17121.png
17123,17123.png
17125,17125.png
17127,17127.png
17129,17129.png
17131,17131.png
17133,17133.png
17135,17135.png
17137,17137.png
17139,17139.png
17141,17141.png
17143,17143.png
17145,17145.png
17147,17147.png
17149,17149.png
17151,17151.png
17153,17153.png
17155,17155.png
17157,17157.png
17159,17159.png
17161,17161.png
17163,17163.png
17165,17165.png
17167,17167.png
17169,17169.png
17171,17171.png
17173,17173.png
17175,17175.png
17177,17177.png
17179,17179.png
17181,17181.png
17183,17183.png
17185,17185.png
17187,17187.png
17189,17189.png
17191,17191.png
17193,17193.png
17195,17195.png
17197,17197.png
17199,17199.png
17201,17201.png
17203,17203.png
18001,18001.png
18003,18003.png
18005,18005.png
18007,18007.png
18009,18009.png
18011,18011.png
18013,18013.png
18015,18015.png
18017,18017.png
18019,18019.png
18021,18021.png
18023,18023.png
18025,18025.png
18027,18027.png
18029,18029.png
18031,18031.png
18033,18033.png
18035,18035.png
18037,18037.png
18039,18039.png
18041,18041.png
18043,18043.png
18045,18045.png
18047,18047.png
18049,18049.png
18051,18051.png
18053,18053.png
18055,18055.png
18057,18057.png
18059,18059.png
18061,18061.png
18063,18063.png
18065,18065.png
18067,18067.png
18069,18069.png
18071,18071.png
18073,18073.png
18075,18075.png
18077,18077.png
18079,18079.png
18081,18081.png
18083,18083.png
18085,18085.png
18087,18087.png
18089,18089.png
18091,18091.png
18093,18093.png
18095,18095.png
18097,18097.png
18099,18099.png
18101,18101.png
18103,18103.png
18105,18105.png
18107,18107.png
18109,18109.png
18111,18111.png
18113,18113.png
18115,18115.png
18117,18117.png
18119,18119.png
18121,18121.png
18123,18123.png
18125,18125.png
18127,18127.png
18129,18129.png
18131,18131.png
18133,18133.png
18135,18135.png
18137,18137.png
18139,18139.png
18141,18141.png
18143,18143.png
18145,18145.png
18147,18147.png
18149,18149.png
18151,18151.png
18153,18153.png
18155,18155.png
18157,18157.png
18159,18159.png
18161,18161.png
18163,18163.png
18165,18165.png
18167,18167.png
18169,18169.png
18171,18171.png
18173,18173.png
18175,18175.png
18177,18177.png
18179,18179.png
18181,18181.png
18183,18183.png
19001,19001.png
19003,19003.png
19005,19005.png
19007,19007.png
19009,19009.png
19011,19011.png
19013,19013.png
19015,19015.png
19017,19017.png
19019,19019.png
19021,19021.png
19023,19023.png
19025,19025.png
19027,19027.png
19029,19029.png
19031,19031.png
19033,19033.png
19035,19035.png
19037,19037.png
19039,19039.png
19041,19041.png
19043,19043.png
19045,19045.png
19047,19047.png
19049,19049.png
19051,19051.png
19053,19053.png
19055,19055.png
19057,19057.png
19059,19059.png
19061,19061.png
19063,19063.png
19065,19065.png
19067,19067.png
19069,19069.png
19071,19071.png
19073,19073.png
19075,19075.png
19077,19077.png
19079,19079.png
19081,19081.png
19083,19083.png
19085,19085.png
19087,19087.png
19089,19089.png
19091,19091.png
19093,19093.png
19095,19095.png
19097,19097.png
19099,19099.png
19101,19101.png
19103,19103.png
19105,19105.png
19107,19107.png
19109,19109.png
19111,19111.png
19113,19113.png
19115,19115.png
19117,19117.png
19119,19119.png
19121,19121.png
19123,19123.png
19125,19125.png
19127,19127.png
19129,19129.png
19131,19131.png
19133,19133.png
19135,19135.png
19137,19137.png
19139,19139.png
19141,19141.png
19143,19143.png
19145,19145.png
19147,19147.png
19149,19149.png
19151,19151.png
19153,19153.png
19155,19155.png
19157,19157.png
19159,19159.png
19161,19161.png
19163,19163.png
19165,19165.png
19167,19167.png
19169,19169.png
19171,19171.png
19173,19173.png
19175,19175.png
19177,19177.png
19179,19179.png
19181,19181.png
19183,19183.png
19185,19185.png
19187,19187.png
19189,19189.png
19191,19191.png
19193,19193.png
19195,19195.png
19197,19197.png
20001,20001.png
20003,20003.png
20005,20005.png
20007,20007.png
20009,20009.png
20011,20011.png
20013,20013.png
20015,20015.png
20017,20017.png
20019,20019.png
20021,20021.png
20023,20023.png
20025,20025.png
20027,20027.png
20029,20029.png
20031,20031.png
20033,20033.png
20035,20035.png
20037,20037.png
20039,20039.png
20041,20041.png
20043,20043.png
20045,20045.png
20047,20047.png
20049,20049.png
20051,20051.png
20053,20053.png
20055,20055.png
20057,20057.png
20059,20059.png
20061,20061.png
20063,20063.png
20065,20065.png
20067,20067.png
20069,20069.png
20071,20071.png
20073,20073.png
20075,20075.png
20077,20077.png
20079,20079.png
20081,20081.png
20083,20083.png
20085,20085.png
20087,20087.png
20089,20089.png
20091,20091.png
20093,20093.png
20095,20095.png
20097,20097.png
20099,20099.png
20101,20101.png
20103,20103.png
20105,20105.png
20107,20107.png
20109,20109.png
20111,20111.png
20113,20113.png
20115,20115.png
20117,20117.png
20119,20119.png
20121,20121.png
20123,20123.png
20125,20125.png
20127,20127.png
20129,20129.png
20131,20131.png
20133,20133.png
20135,20135.png
20137,20137.png
20139,20139.png
20141,20141.png
20143,20143.png
20145,20145.png
20147,20147.png
20149,20149.png
20151,20151.png
20153,20153.png
20155,20155.png
20157,20157.png
20159,20159.png
20161,20161.png
20163,20163.png
20165,20165.png
20167,20167.png
20169,20169.png
20171,20171.png
20173,20173.png
20175,20175.png
20177,20177.png
20179,20179.png
20181,20181.png
20183,20183.png
20185,20185.png
20187,20187.png
20189,20189.png
20191,20191.png
20193,20193.png
20195,20195.png
20197,20197.png
20199,20199.png
20201,20201.png
20203,20203.png
20205,20205.png
20207,20207.png
20209,20209.png
21001,21001.png
21003,21003.png
21005,21005.png
21007,21007.png
21009,21009.png
21011,21011.png
21013,21013.png
21015,21015.png
21017,21017.png
21019,21019.png
21021,21021.png
21023,21023.png
21025,21025.png
21027,21027.png
21029,21029.png
21031,21031.png
21033,21033.png
21035,21035.png
21037,21037.png
21039,21039.png
21041,21041.png
21043,21043.png
21045,21045.png
21047,21047.png
21049,21049.png
21051,21051.png
21053,21053.png
21055,21055.png
21057,21057.png
21059,21059.png
21061,21061.png
21063,21063.png
21065,21065.png
21067,21067.png
21069,21069.png
21071,21071.png
21073,21073.png
21075,21075.png
21077,21077.png
21079,21079.png
21081,21081.png
21083,21083.png
21085,21085.png
21087,21087.png
21089,21089.png
21091,21091.png
21093,21093.png
21095,21095.png
21097,21097.png
21099,21099.png
21101,21101.png
21103,21103.png
21105,21105.png
21107,21107.png
21109,21109.png
21111,21111.png
21113,21113.png
21115,21115.png
21117,21117.png
21119,21119.png
21121,21121.png
21123,21123.png
21125,21125.png
21127,21127.png
21129,21129.png
21131,21131.png
21133,21133.png
21135,21135.png
21137,21137.png
21139,21139.png
21141,21141.png
21143,21143.png
21145,21145.png
21147,21147.png
21149,21149.png
21151,21151.png
21153,21153.png
21155,21155.png
21157,21157.png
21159,21159.png
21161,21161.png
21163,21163.png
21165,21165.png
21167,21167.png
21169,21169.png
21171,21171.png
21173,21173.png
21175,21175.png
21177,21177.png
21179,21179.png
21181,21181.png
21183,21183.png
21185,21185.png
21187,21187.png
21189,21189.png
21191,21191.png
21193,21193.png
21195,21195.png
21197,21197.png
21199,21199.png
21201,21201.png
21203,21203.png
21205,21205.png
21207,21207.png
21209,21209.png
21211,21211.png
21213,21213.png
21215,21215.png
21217,21217.png
21219,21219.png
21221,21221.png
21223,21223.png
21225,21225.png
21227,21227.png
21229,21229.png
21231,21231.png
21233,21233.png
21235,21235.png
21237,21237.png
21239,21239.png
22001,22001.png
22003,22003.png
22005,22005.png
22007,22007.png
22009,22009.png
22011,22011.png
22013,22013.png
22015,22015.png
22017,22017.png
22019,22019.png
22021,22021.png
22023,22023.png
22025,22025.png
22027,22027.png
22029,22029.png
22031,22031.png
22033,22033.png
22035,22035.png
22037,22037.png
22039,22039.png
22041,22041.png
22043,22043.png
22045,22045.png
22047,22047.png
22049,22049.png
22051,22051.png
22053,22053.png
22055,22055.png
22057,22057.png
22059,22059.png
22061,22061.png
22063,22063.png
22065,22065.png
22067,22067.png
22069,22069.png
22071,22071.png
22073,22073.png
22075,22075.png
22077,22077.png
22079,22079.png
22081,22081.png
22083,22083.png
22085,22085.png
22087,22087.png
22089,22089.png
22091,22091.png
22093,22093.png
22095,22095.png
22097,22097.png
22099,22099.png
22101,22101.png
22103,22103.png
22105,22105.png
22107,22107.png
22109,22109.png
22111,22111.png
22113,22113.png
22115,22115.png
22117,22117.png
22119,22119.png
22121,22121.png
22123,22123.png
22125,22125.png
22127,22127.png
23001,23001.png
23003,23003.png
23005,23005.png
23007,23007.png
23009,23009.png
23011,23011.png
23013,23013.png
23015,23015.png
23017,23017.png
23019,23019.png
23021,23021.png
23023,23023.png
23025,23025.png
23027,23027.png
23029,23029.png
23031,23031.png
24001,24001.png
24003,24003.png
24005,24005.png
24009,24009.png
24011,24011.png
24013,24013.png
24015,24015.png
24017,24017.png
24019,24019.png
24021,24021.png
24023,24023.png
24025,24025.png
24027,24027.png
24029,24029.png
24031,24031.png
24033,24033.png
24035,24035.png
24037,24037.png
24039,24039.png
24041,24041.png
24043,24043.png
24045,24045.png
24047,24047.png
24510,24510.png
25001,25001.png
25003,25003.png
25005,25005.png
25007,25007.png
25009,25009.png
25011,25011.png
25013,25013.png
25015,25015.png
25017,25017.png
25019,25019.png
25021,25021.png
25023,25023.png
25025,25025.png
25027,25027.png
26001,26001.png
26003,26003.png
26005,26005.png
26007,26007.png
26009,26009.png
26011,26011.png
26013,26013.png
26015,26015.png
26017,26017.png
26019,26019.png
26021,26021.png
26023,26023.png
26025,26025.png
26027,26027.png
26029,26029.png
26031,26031.png
26033,26033.png
26035,26035.png
26037,26037.png
26039,26039.png
26041,26041.png
26043,26043.png
26045,26045.png
26047,26047.png
26049,26049.png
26051,26051.png
26053,26053.png
26055,26055.png
26057,26057.png
26059,26059.png
26061,26061.png
26063,26063.png
26065,26065.png
26067,26067.png
26069,26069.png
26071,26071.png
26073,26073.png
26075,26075.png
26077,26077.png
26079,26079.png
26081,26081.png
26083,26083.png
26085,26085.png
26087,26087.png
26089,26089.png
26091,26091.png
26093,26093.png
26095,26095.png
26097,26097.png
26099,26099.png
26101,26101.png
26103,26103.png
26105,26105.png
26107,26107.png
26109,26109.png
26111,26111.png
26113,26113.png
26115,26115.png
26117,26117.png
26119,26119.png
26121,26121.png
26123,26123.png
26125,26125.png
26127,26127.png
26129,26129.png
26131,26131.png
26133,26133.png
26135,26135.png
26137,26137.png
26139,26139.png
26141,26141.png
26143,26143.png
26145,26145.png
26147,26147.png
26149,26149.png
26151,26151.png
26153,26153.png
26155,26155.png
26157,26157.png
26159,26159.png
26161,26161.png
26163,26163.png
26165,26165.png
27001,27001.png
27003,27003.png
27005,27005.png
27007,27007.png
27009,27009.png
27011,27011.png
27013,27013.png
27015,27015.png
27017,27017.png
27019,27019.png
27021,27021.png
27023,27023.png
27025,27025.png
27027,27027.png
27029,27029.png
27031,27031.png
27033,27033.png
27035,27035.png
27037,27037.png
27039,27039.png
27041,27041.png
27043,27043.png
27045,27045.png
27047,27047.png
27049,27049.png
27051,27051.png
27053,27053.png
27055,27055.png
27057,27057.png
27059,27059.png
27061,27061.png
27063,27063.png
27065,27065.png
27067,27067.png
27069,27069.png
27071,27071.png
27073,27073.png
27075,27075.png
27077,27077.png
27079,27079.png
27081,27081.png
27083,27083.png
27085,27085.png
27087,27087.png
27089,27089.png
27091,27091.png
27093,27093.png
27095,27095.png
27097,27097.png
27099,27099.png
27101,27101.png
27103,27103.png
27105,27105.png
27107,27107.png
27109,27109.png
27111,27111.png
27113,27113.png
27115,27115.png
27117,27117.png
27119,27119.png
27121,27121.png
27123,27123.png
27125,27125.png
27127,27127.png
27129,27129.png
27131,27131.png
27133,27133.png
27135,27135.png
27137,27137.png
27139,27139.png
27141,27141.png
27143,27143.png
27145,27145.png
27147,27147.png
27149,27149.png
27151,27151.png
27153,27153.png
27155,27155.png
27157,27157.png
27159,27159.png
27161,27161.png
27163,27163.png
27165,27165.png
27167,27167.png
27169,27169.png
27171,27171.png
27173,27173.png
28001,28001.png
28003,28003.png
28005,28005.png
28007,28007.png
28009,28009.png
28011,28011.png
28013,28013.png
28015,28015.png
28017,28017.png
28019,28019.png
28021,28021.png
28023,28023.png
28025,28025.png
28027,28027.png
28029,28029.png
28031,28031.png
28033,28033.png
28035,28035.png
28037,28037.png
28039,28039.png
28041,28041.png
28043,28043.png
28045,28045.png
28047,28047.png
28049,28049.png
28051,28051.png
28053,28053.png
28055,28055.png
28057,28057.png
28059,28059.png
28061,28061.png
28063,28063.png
28065,28065.png
28067,28067.png
28069,28069.png
28071,28071.png
28073,28073.png
28075,28075.png
28077,28077.png
28079,28079.png
28081,28081.png
28083,28083.png
28085,28085.png
28087,28087.png
28089,28089.png
28091,28091.png
28093,28093.png
28095,28095.png
28097,28097.png
28099,28099.png
28101,28101.png
28103,28103.png
28105,28105.png
28107,28107.png
28109,28109.png
28111,28111.png
28113,28113.png
28115,28115.png
28117,28117.png
28119,28119.png
28121,28121.png
28123,28123.png
28125,28125.png
28127,28127.png
28129,28129.png
28131,28131.png
28133,28133.png
28135,28135.png
28137,28137.png
28139,28139.png
28141,28141.png
28143,28143.png
28145,28145.png
28147,28147.png
28149,28149.png
28151,28151.png
28153,28153.png
28155,28155.png
28157,28157.png
28159,28159.png
28161,28161.png
28163,28163.png
29001,29001.png
29003,29003.png
29005,29005.png
29007,29007.png
29009,29009.png
29011,29011.png
29013,29013.png
29015,29015.png
29017,29017.png
29019,29019.png
29021,29021.png
29023,29023.png
29025,29025.png
29027,29027.png
29029,29029.png
29031,29031.png
29033,29033.png
29035,29035.png
29037,29037.png
29039,29039.png
29041,29041.png
29043,29043.png
29045,29045.png
29047,29047.png
29049,29049.png
29051,29051.png
29053,29053.png
29055,29055.png
29057,29057.png
29059,29059.png
29061,29061.png
29063,29063.png
29065,29065.png
29067,29067.png
29069,29069.png
29071,29071.png
29073,29073.png
29075,29075.png
29077,29077.png
29079,29079.png
29081,29081.png
29083,29083.png
29085,29085.png
29087,29087.png
29089,29089.png
29091,29091.png
29093,29093.png
29095,29095.png
29097,29097.png
29099,29099.png
29101,29101.png
29103,29103.png
29105,29105.png
29107,29107.png
29109,29109.png
29111,29111.png
29113,29113.png
29115,29115.png
29117,29117.png
29119,29119.png
29121,29121.png
29123,29123.png
29125,29125.png
29127,29127.png
29129,29129.png
29131,29131.png
29133,29133.png
29135,29135.png
29137,29137.png
29139,29139.png
29141,29141.png
29143,29143.png
29145,29145.png
29147,29147.png
29149,29149.png
29151,29151.png
29153,29153.png
29155,29155.png
29157,29157.png
29159,29159.png
29161,29161.png
29163,29163.png
29165,29165.png
29167,29167.png
29169,29169.png
29171,29171.png
29173,29173.png
29175,29175.png
29177,29177.png
29179,29179.png
29181,29181.png
29183,29183.png
29185,29185.png
29186,29186.png
29187,29187.png
29189,29189.png
29195,29195.png
29197,29197.png
29199,29199.png
29201,29201.png
29203,29203.png
29205,29205.png
29207,29207.png
29209,29209.png
29211,29211.png
29213,29213.png
29215,29215.png
29217,29217.png
29219,29219.png
29221,29221.png
29223,29223.png
29225,29225.png
29227,29227.png
29229,29229.png
29510,29510.png
30001,30001.png
30003,30003.png
30005,30005.png
30007,30007.png
30009,30009.png
30011,30011.png
30013,30013.png
30015,30015.png
30017,30017.png
30019,30019.png
30021,30021.png
30023,30023.png
30025,30025.png
30027,30027.png
30029,30029.png
30031,30031.png
30033,30033.png
30035,30035.png
30037,30037.png
30039,30039.png
30041,30041.png
30043,30043.png
30045,30045.png
30047,30047.png
30049,30049.png
30051,30051.png
30053,30053.png
30055,30055.png
30057,30057.png
30059,30059.png
30061,30061.png
30063,30063.png
30065,30065.png
30067,30067.png
30069,30069.png
30071,30071.png
30073,30073.png
30075,30075.png
30077,30077.png
30079,30079.png
30081,30081.png
30083,30083.png
30085,30085.png
30087,30087.png
30089,30089.png
30091,30091.png
30093,30093.png
30095,30095.png
30097,30097.png
30099,30099.png
30101,30101.png
30103,30103.png
30105,30105.png
30107,30107.png
30109,30109.png
30111,30111.png
31001,31001.png
31003,31003.png
31005,31005.png
31007,31007.png
31009,31009.png
31011,31011.png
31013,31013.png
31015,31015.png
31017,31017.png
31019,31019.png
31021,31021.png
31023,31023.png
31025,31025.png
31027,31027.png
31029,31029.png
31031,31031.png
31033,31033.png
31035,31035.png
31037,31037.png
31039,31039.png
31041,31041.png
31043,31043.png
31045,31045.png
31047,31047.png
31049,31049.png
31051,31051.png
31053,31053.png
31055,31055.png
31057,31057.png
31059,31059.png
31061,31061.png
31063,31063.png
31065,31065.png
31067,31067.png
31069,31069.png
31071,31071.png
31073,31073.png
31075,31075.png
31077,31077.png
31079,31079.png
31081,31081.png
31083,31083.png
31085,31085.png
31087,31087.png
31089,31089.png
31091,31091.png
31093,31093.png
31095,31095.png
31097,31097.png
31099,31099.png
31101,31101.png
31103,31103.png
31105,31105.png
31107,31107.png
31109,31109.png
31111,31111.png
31113,31113.png
31115,31115.png
31117,31117.png
31119,31119.png
31121,31121.png
31123,31123.png
31125,31125.png
31127,31127.png
31129,31129.png
31131,31131.png
31133,31133.png
31135,31135.png
31137,31137.png
31139,31139.png
31141,31141.png
31143,31143.png
31145,31145.png
31147,31147.png
31149,31149.png
31151,31151.png
31153,31153.png
31155,31155.png
31157,31157.png
31159,31159.png
31161,31161.png
31163,31163.png
31165,31165.png
31167,31167.png
31169,31169.png
31171,31171.png
31173,31173.png
31175,31175.png
31177,31177.png
31179,31179.png
31181,31181.png
31183,31183.png
31185,31185.png
32001,32001.png
32003,32003.png
32005,32005.png
32007,32007.png
32009,32009.png
32011,32011.png
32013,32013.png
32015,32015.png
32017,32017.png
32019,32019.png
32021,32021.png
32023,32023.png
32027,32027.png
32029,32029.png
32031,32031.png
32033,32033.png
32510,32510.png
33001,33001.png
33003,33003.png
33005,33005.png
33007,33007.png
33009,33009.png
33011,33011.png
33013,33013.png
33015,33015.png
33017,33017.png
33019,33019.png
34001,34001.png
34003,34003.png
34005,34005.png
34007,34007.png
34009,34009.png
34011,34011.png
34013,34013.png
34015,34015.png
34017,34017.png
34019,34019.png
34021,34021.png
34023,34023.png
34025,34025.png
34027,34027.png
34029,34029.png
34031,34031.png
34033,34033.png
34035,34035.png
34037,34037.png
34039,34039.png
34041,34041.png
35001,35001.png
35003,35003.png
35005,35005.png
35006,35006.png
35007,35007.png
35009,35009.png
35011,35011.png
35013,35013.png
35015,35015.png
35017,35017.png
35019,35019.png
35021,35021.png
35023,35023.png
35025,35025.png
35027,35027.png
35028,35028.png
35029,35029.png
35031,35031.png
35033,35033.png
35035,35035.png
35037,35037.png
35039,35039.png
35041,35041.png
35043,35043.png
35045,35045.png
35047,35047.png
35049,35049.png
35051,35051.png
35053,35053.png
35055,35055.png
35057,35057.png
35059,35059.png
35061,35061.png
36001,36001.png
36003,36003.png
36005,36005.png
36007,36007.png
36009,36009.png
36011,36011.png
36013,36013.png
36015,36015.png
36017,36017.png
36019,36019.png
36021,36021.png
36023,36023.png
36025,36025.png
36027,36027.png
36029,36029.png
36031,36031.png
36033,36033.png
36035,36035.png
36037,36037.png
36039,36039.png
36041,36041.png
36043,36043.png
36045,36045.png
36047,36047.png
36049,36049.png
36051,36051.png
36053,36053.png
36055,36055.png
36057,36057.png
36059,36059.png
36061,36061.png
36063,36063.png
36065,36065.png
36067,36067.png
36069,36069.png
36071,36071.png
36073,36073.png
36075,36075.png
36077,36077.png
36079,36079.png
36081,36081.png
36083,36083.png
36085,36085.png
36087,36087.png
36089,36089.png
36091,36091.png
36093,36093.png
36095,36095.png
36097,36097.png
36099,36099.png
36101,36101.png
36103,36103.png
36105,36105.png
36107,36107.png
36109,36109.png
36111,36111.png
36113,36113.png
36115,36115.png
36117,36117.png
36119,36119.png
36121,36121.png
36123,36123.png
37001,37001.png
37003,37003.png
37005,37005.png
37007,37007.png
37009,37009.png
37011,37011.png
37013,37013.png
37015,37015.png
37017,37017.png
37019,37019.png
37021,37021.png
37023,37023.png
37025,37025.png
37027,37027.png
37029,37029.png
37031,37031.png
37033,37033.png
37035,37035.png
37037,37037.png
37039,37039.png
37041,37041.png
37043,37043.png
37045,37045.png
37047,37047.png
37049,37049.png
37051,37051.png
37053,37053.png
37055,37055.png
37057,37057.png
37059,37059.png
37061,37061.png
37063,37063.png
37065,37065.png
37067,37067.png
37069,37069.png
37071,37071.png
37073,37073.png
37075,37075.png
37077,37077.png
37079,37079.png
37081,37081.png
37083,37083.png
37085,37085.png
37087,37087.png
37089,37089.png
37091,37091.png
37093,37093.png
37095,37095.png
37097,37097.png
37099,37099.png
37101,37101.png
37103,37103.png
37105,37105.png
37107,37107.png
37109,37109.png
37111,37111.png
37113,37113.png
37115,37115.png
37117,37117.png
37119,37119.png
37121,37121.png
37123,37123.png
37125,37125.png
37127,37127.png
37129,37129.png
37131,37131.png
37133,37133.png
37135,37135.png
37137,37137.png
37139,37139.png
37141,37141.png
37143,37143.png
37145,37145.png
37147,37147.png
37149,37149.png
37151,37151.png
37153,37153.png
37155,37155.png
37157,37157.png
37159,37159.png
37161,37161.png
37163,37163.png
37165,37165.png
37167,37167.png
37169,37169.png
37171,37171.png
37173,37173.png
37175,37175.png
37177,37177.png
37179,37179.png
37181,37181.png
37183,37183.png
37185,37185.png
37187,37187.png
37189,37189.png
37191,37191.png
37193,37193.png
37195,37195.png
37197,37197.png
37199,37199.png
38001,38001.png
38003,38003.png
38005,38005.png
38007,38007.png
38009,38009.png
38011,38011.png
38013,38013.png
38015,38015.png
38017,38017.png
38019,38019.png
38021,38021.png
38023,38023.png
38025,38025.png
38027,38027.png
38029,38029.png
38031,38031.png
38033,38033.png
38035,38035.png
38037,38037.png
38039,38039.png
38041,38041.png
38043,38043.png
38045,38045.png
38047,38047.png
38049,38049.png
38051,38051.png
38053,38053.png
38055,38055.png
38057,38057.png
38059,38059.png
38061,38061.png
38063,38063.png
38065,38065.png
38067,38067.png
38069,38069.png
38071,38071.png
38073,38073.png
38075,38075.png
38077,38077.png
38079,38079.png
38081,38081.png
38083,38083.png
38085,38085.png
38087,38087.png
38089,38089.png
38091,38091.png
38093,38093.png
38095,38095.png
38097,38097.png
38099,38099.png
38101,38101.png
38103,38103.png
38105,38105.png
39001,39001.png
39003,39003.png
39005,39005.png
39007,39007.png
39009,39009.png
39011,39011.png
39013,39013.png
39015,39015.png
39017,39017.png
39019,39019.png
39021,39021.png
39023,39023.png
39025,39025.png
39027,39027.png
39029,39029.png
39031,39031.png
39033,39033.png
39035,39035.png
39037,39037.png
39039,39039.png
39041,39041.png
39043,39043.png
39045,39045.png
39047,39047.png
39049,39049.png
39051,39051.png
39053,39053.png
39055,39055.png
39057,39057.png
39059,39059.png
39061,39061.png
39063,39063.png
39065,39065.png
39067,39067.png
39069,39069.png
39071,39071.png
39073,39073.png
39075,39075.png
39077,39077.png
39079,39079.png
39081,39081.png
39083,39083.png
39085,39085.png
39087,39087.png
39089,39089.png
39091,39091.png
39093,39093.png
39095,39095.png
39097,39097.png
39099,39099.png
39101,39101.png
39103,39103.png
39105,39105.png
39107,39107.png
39109,39109.png
39111,39111.png
39113,39113.png
39115,39115.png
39117,39117.png
39119,39119.png
39121,39121.png
39123,39123.png
39125,39125.png
39127,39127.png
39129,39129.png
39131,39131.png
39133,39133.png
39135,39135.png
39137,39137.png
39139,39139.png
39141,39141.png
39143,39143.png
39145,39145.png
39147,39147.png
39149,39149.png
39151,39151.png
39153,39153.png
39155,39155.png
39157,39157.png
39159,39159.png
39161,39161.png
39163,39163.png
39165,39165.png
39167,39167.png
39169,39169.png
39171,39171.png
39173,39173.png
39175,39175.png
40001,40001.png
40003,40003.png
40005,40005.png
40007,40007.png
40009,40009.png
40011,40011.png
40013,40013.png
40015,40015.png
40017,40017.png
40019,40019.png
40021,40021.png
40023,40023.png
40025,40025.png
40027,40027.png
40029,40029.png
40031,40031.png
40033,40033.png
40035,40035.png
40037,40037.png
40039,40039.png
40041,40041.png
40043,40043.png
40045,40045.png
40047,40047.png
40049,40049.png
40051,40051.png
40053,40053.png
40055,40055.png
40057,40057.png
40059,40059.png
40061,40061.png
40063,40063.png
40065,40065.png
40067,40067.png
40069,40069.png
40071,40071.png
40073,40073.png
40075,40075.png
40077,40077.png
40079,40079.png
40081,40081.png
40083,40083.png
40085,40085.png
40087,40087.png
40089,40089.png
40091,40091.png
40093,40093.png
40095,40095.png
40097,40097.png
40099,40099.png
40101,40101.png
40103,40103.png
40105,40105.png
40107,40107.png
40109,40109.png
40111,40111.png
40113,40113.png
40115,40115.png
40117,40117.png
40119,40119.png
40121,40121.png
40123,40123.png
40125,40125.png
40127,40127.png
40129,40129.png
40131,40131.png
40133,40133.png
40135,40135.png
40137,40137.png
40139,40139.png
40141,40141.png
40143,40143.png
40145,40145.png
40147,40147.png
40149,40149.png
40151,40151.png
40153,40153.png
41001,41001.png
41003,41003.png
41005,41005.png
41007,41007.png
41009,41009.png
41011,41011.png
41013,41013.png
41015,41015.png
41017,41017.png
41019,41019.png
41021,41021.png
41023,41023.png
41025,41025.png
41027,41027.png
41029,41029.png
41031,41031.png
41033,41033.png
41035,41035.png
41037,41037.png
41039,41039.png
41041,41041.png
41043,41043.png
41045,41045.png
41047,41047.png
41049,41049.png
41051,41051.png
41053,41053.png
41055,41055.png
41057,41057.png
41059,41059.png
41061,41061.png
41063,41063.png
41065,41065.png
41067,41067.png
41069,41069.png
41071,41071.png
42001,42001.png
42003,42003.png
42005,42005.png
42007,42007.png
42009,42009.png
42011,42011.png
42013,42013.png
42015,42015.png
42017,42017.png
42019,42019.png
42021,42021.png
42023,42023.png
42025,42025.png
42027,42027.png
42029,42029.png
42031,42031.png
42033,42033.png
42035,42035.png
42037,42037.png
42039,42039.png
42041,42041.png
42043,42043.png
42045,42045.png
42047,42047.png
42049,42049.png
42051,42051.png
42053,42053.png
42055,42055.png
42057,42057.png
42059,42059.png
42061,42061.png
42063,42063.png
42065,42065.png
42067,42067.png
42069,42069.png
42071,42071.png
42073,42073.png
42075,42075.png
42077,42077.png
42079,42079.png
42081,42081.png
42083,42083.png
42085,42085.png
42087,42087.png
42089,42089.png
42091,42091.png
42093,42093.png
42095,42095.png
42097,42097.png
42099,42099.png
42101,42101.png
42103,42103.png
42105,42105.png
42107,42107.png
42109,42109.png
42111,42111.png
42113,42113.png
42115,42115.png
42117,42117.png
42119,42119.png
42121,42121.png
42123,42123.png
42125,42125.png
42127,42127.png
42129,42129.png
42131,42131.png
42133,42133.png
44001,44001.png
44003,44003.png
44005,44005.png
44007,44007.png
44009,44009.png
45001,45001.png
45003,45003.png
45005,45005.png
45007,45007.png
45009,45009.png
45011,45011.png
45013,45013.png
45015,45015.png
45017,45017.png
45019,45019.png
45021,45021.png
45023,45023.png
45025,45025.png
45027,45027.png
45029,45029.png
45031,45031.png
45033,45033.png
45035,45035.png
45037,45037.png
45039,45039.png
45041,45041.png
45043,45043.png
45045,45045.png
45047,45047.png
45049,45049.png
45051,45051.png
45053,45053.png
45055,45055.png
45057,45057.png
45059,45059.png
45061,45061.png
45063,45063.png
45065,45065.png
45067,45067.png
45069,45069.png
45071,45071.png
45073,45073.png
45075,45075.png
45077,45077.png
45079,45079.png
45081,45081.png
45083,45083.png
45085,45085.png
45087,45087.png
45089,45089.png
45091,45091.png
46003,46003.png
46005,46005.png
46007,46007.png
46009,46009.png
46011,46011.png
46013,46013.png
46015,46015.png
46017,46017.png
46019,46019.png
46021,46021.png
46023,46023.png
46025,46025.png
46027,46027.png
46029,46029.png
46031,46031.png
46033,46033.png
46035,46035.png
46037,46037.png
46039,46039.png
46041,46041.png
46043,46043.png
46045,46045.png
46047,46047.png
46049,46049.png
46051,46051.png
46053,46053.png
46055,46055.png
46057,46057.png
46059,46059.png
46061,46061.png
46063,46063.png
46065,46065.png
46067,46067.png
46069,46069.png
46071,46071.png
46073,46073.png
46075,46075.png
46077,46077.png
46079,46079.png
46081,46081.png
46083,46083.png
46085,46085.png
46087,46087.png
46089,46089.png
46091,46091.png
46093,46093.png
46095,46095.png
46097,46097.png
46099,46099.png
46101,46101.png
46102,46102.png
46103,46103.png
46105,46105.png
46107,46107.png
46109,46109.png
46111,46111.png
46115,46115.png
46117,46117.png
46119,46119.png
46121,46121.png
46123,46123.png
46125,46125.png
46127,46127.png
46129,46129.png
46135,46135.png
46137,46137.png
47001,47001.png
47003,47003.png
47005,47005.png
47007,47007.png
47009,47009.png
47011,47011.png
47013,47013.png
47015,47015.png
47017,47017.png
47019,47019.png
47021,47021.png
47023,47023.png
47025,47025.png
47027,47027.png
47029,47029.png
47031,47031.png
47033,47033.png
47035,47035.png
47037,47037.png
47039,47039.png
47041,47041.png
47043,47043.png
47045,47045.png
47047,47047.png
47049,47049.png
47051,47051.png
47053,47053.png
47055,47055.png
47057,47057.png
47059,47059.png
47061,47061.png
47063,47063.png
47065,47065.png
47067,47067.png
47069,47069.png
47071,47071.png
47073,47073.png
47075,47075.png
47077,47077.png
47079,47079.png
47081,47081.png
47083,47083.png
47085,47085.png
47087,47087.png
47089,47089.png
47091,47091.png
47093,47093.png
47095,47095.png
47097,47097.png
47099,47099.png
47101,47101.png
47103,47103.png
47105,47105.png
47107,47107.png
47109,47109.png
47111,47111.png
47113,47113.png
47115,47115.png
47117,47117.png
47119,47119.png
47121,47121.png
47123,47123.png
47125,47125.png
47127,47127.png
47129,47129.png
47131,47131.png
47133,47133.png
47135,47135.png
47137,47137.png
47139,47139.png
47141,47141.png
47143,47143.png
47145,47145.png
47147,47147.png
47149,47149.png
47151,47151.png
47153,47153.png
47155,47155.png
47157,47157.png
47159,47159.png
47161,47161.png
47163,47163.png
47165,47165.png
47167,47167.png
47169,47169.png
47171,47171.png
47173,47173.png
47175,47175.png
47177,47177.png
47179,47179.png
47181,47181.png
47183,47183.png
47185,47185.png
47187,47187.png
47189,47189.png
48001,48001.png
48003,48003.png
48005,48005.png
48007,48007.png
48009,48009.png
48011,48011.png
48013,48013.png
48015,48015.png
48017,48017.png
48019,48019.png
48021,48021.png
48023,48023.png
48025,48025.png
48027,48027.png
48029,48029.png
48031,48031.png
48033,48033.png
48035,48035.png
48037,48037.png
48039,48039.png
48041,48041.png
48043,48043.png
48045,48045.png
48047,48047.png
48049,48049.png
48051,48051.png
48053,48053.png
48055,48055.png
48057,48057.png
48059,48059.png
48061,48061.png
48063,48063.png
48065,48065.png
48067,48067.png
48069,48069.png
48071,48071.png
48073,48073.png
48075,48075.png
48077,48077.png
48079,48079.png
48081,48081.png
48083,48083.png
48085,48085.png
48087,48087.png
48089,48089.png
48091,48091.png
48093,48093.png
48095,48095.png
48097,48097.png
48099,48099.png
48101,48101.png
48103,48103.png
48105,48105.png
48107,48107.png
48109,48109.png
48111,48111.png
48113,48113.png
48115,48115.png
48117,48117.png
48119,48119.png
48121,48121.png
48123,48123.png
48125,48125.png
48127,48127.png
48129,48129.png
48131,48131.png
48133,48133.png
48135,48135.png
48137,48137.png
48139,48139.png
48141,48141.png
48143,48143.png
48145,48145.png
48147,48147.png
48149,48149.png
48151,48151.png
48153,48153.png
48155,48155.png
48157,48157.png
48159,48159.png
48161,48161.png
48163,48163.png
48165,48165.png
48167,48167.png
48169,48169.png
48171,48171.png
48173,48173.png
48175,48175.png
48177,48177.png
48179,48179.png
48181,48181.png
48183,48183.png
48185,48185.png
48187,48187.png
48189,48189.png
48191,48191.png
48193,48193.png
48195,48195.png
48197,48197.png
48199,48199.png
48201,48201.png
48203,48203.png
48205,48205.png
48207,48207.png
48209,48209.png
48211,48211.png
48213,48213.png
48215,48215.png
48217,48217.png
48219,48219.png
48221,48221.png
48223,48223.png
48225,48225.png
48227,48227.png
48229,48229.png
48231,48231.png
48233,48233.png
48235,48235.png
48237,48237.png
48239,48239.png
48241,48241.png
48243,48243.png
48245,48245.png
48247,48247.png
48249,48249.png
48251,48251.png
48253,48253.png
48255,48255.png
48257,48257.png
48259,48259.png
48261,48261.png
48263,48263.png
48265,48265.png
48267,48267.png
48269,48269.png
48271,48271.png
48273,48273.png
48275,48275.png
48277,48277.png
48279,48279.png
48281,48281.png
48283,48283.png
48285,48285.png
48287,48287.png
48289,48289.png
48291,48291.png
48293,48293.png
48295,48295.png
48297,48297.png
48299,48299.png
48301,48301.png
48303,48303.png
48305,48305.png
48307,48307.png
48309,48309.png
48311,48311.png
48313,48313.png
48315,48315.png
48317,48317.png
48319,48319.png
48321,48321.png
48323,48323.png
48325,48325.png
48327,48327.png
48329,48329.png
48331,48331.png
48333,48333.png
48335,48335.png
48337,48337.png
48339,48339.png
48341,48341.png
48343,48343.png
48345,48345.png
48347,48347.png
48349,48349.png
48351,48351.png
48353,48353.png
48355,48355.png
48357,48357.png
48359,48359.png
48361,48361.png
48363,48363.png
48365,48365.png
48367,48367.png
48369,48369.png
48371,48371.png
48373,48373.png
48375,48375.png
48377,48377.png
48379,48379.png
48381,48381.png
48383,48383.png
48385,48385.png
48387,48387.png
48389,48389.png
48391,48391.png
48393,48393.png
48395,48395.png
48397,48397.png
48399,48399.png
48401,48401.png
48403,48403.png
48405,48405.png
48407,48407.png
48409,48409.png
48411,48411.png
48413,48413.png
48415,48415.png
48417,48417.png
48419,48419.png
48421,48421.png
48423,48423.png
48425,48425.png
48427,48427.png
48429,48429.png
48431,48431.png
48433,48433.png
48435,48435.png
48437,48437.png
48439,48439.png
48441,48441.png
48443,48443.png
48445,48445.png
48447,48447.png
48449,48449.png
48451,48451.png
48453,48453.png
48455,48455.png
48457,48457.png
48459,48459.png
48461,48461.png
48463,48463.png
48465,48465.png
48467,48467.png
48469,48469.png
48471,48471.png
48473,48473.png
48475,48475.png
48477,48477.png
48479,48479.png
48481,48481.png
48483,48483.png
48485,48485.png
48487,48487.png
48489,48489.png
48491,48491.png
48493,48493.png
48495,48495.png
48497,48497.png
48499,48499.png
48501,48501.png
48503,48503.png
48505,48505.png
48507,48507.png
49001,49001.png
49003,49003.png
49005,49005.png
49007,49007.png
49009,49009.png
49011,49011.png
49013,49013.png
49015,49015.png
49017,49017.png
49019,49019.png
49021,49021.png
49023,49023.png
49025,49025.png
49027,49027.png
49029,49029.png
49031,49031.png
49033,49033.png
49035,49035.png
49037,49037.png
49039,49039.png
49041,49041.png
49043,49043.png
49045,49045.png
49047,49047.png
49049,49049.png
49051,49051.png
49053,49053.png
49055,49055.png
49057,49057.png
50001,50001.png
50003,50003.png
50005,50005.png
50007,50007.png
50009,50009.png
50011,50011.png
50013,50013.png
50015,50015.png
50017,50017.png
50019,50019.png
50021,50021.png
50023,50023.png
50025,50025.png
50027,50027.png
51001,51001.png
51003,51003.png
51005,51005.png
51007,51007.png
51009,51009.png
51011,51011.png
51013,51013.png
51015,51015.png
51017,51017.png
51019,51019.png
51021,51021.png
51023,51023.png
51025,51025.png
51027,51027.png
51029,51029.png
51031,51031.png
51033,51033.png
51035,51035.png
51036,51036.png
51037,51037.png
51041,51041.png
51043,51043.png
51045,51045.png
51047,51047.png
51049,51049.png
51051,51051.png
51053,51053.png
51057,51057.png
51059,51059.png
51061,51061.png
51063,51063.png
51065,51065.png
51067,51067.png
51069,51069.png
51071,51071.png
51073,51073.png
51075,51075.png
51077,51077.png
51079,51079.png
51081,51081.png
51083,51083.png
51085,51085.png
51087,51087.png
51089,51089.png
51091,51091.png
51093,51093.png
51095,51095.png
51097,51097.png
51099,51099.png
51101,51101.png
51103,51103.png
51105,51105.png
51107,51107.png
51109,51109.png
51111,51111.png
51113,51113.png
51115,51115.png
51117,51117.png
51119,51119.png
51121,51121.png
51125,51125.png
51127,51127.png
51131,51131.png
51133,51133.png
51135,51135.png
51137,51137.png
51139,51139.png
51141,51141.png
51143,51143.png
51145,51145.png
51147,51147.png
51149,51149.png
51153,51153.png
51155,51155.png
51157,51157.png
51159,51159.png
51161,51161.png
51163,51163.png
51165,51165.png
51167,51167.png
51169,51169.png
51171,51171.png
51173,51173.png
51175,51175.png
51177,51177.png
51179,51179.png
51181,51181.png
51183,51183.png
51185,51185.png
51187,51187.png
51191,51191.png
51193,51193.png
51195,51195.png
51197,51197.png
51199,51199.png
51510,51510.png
51520,51520.png
51530,51530.png
51540,51540.png
51550,51550.png
51570,51570.png
51580,51580.png
51590,51590.png
51595,51595.png
51600,51600.png
51610,51610.png
51620,51620.png
51630,51630.png
51640,51640.png
51650,51650.png
51660,51660.png
51670,51670.png
51678,51678.png
51680,51680.png
51683,51683.png
51685,51685.png
51690,51690.png
51700,51700.png
51710,51710.png
51720,51720.png
51730,51730.png
51735,51735.png
51740,51740.png
51750,51750.png
51760,51760.png
51770,51770.png
51775,51775.png
51790,51790.png
51800,51800.png
51810,51810.png
51820,51820.png
51830,51830.png
51840,51840.png
53001,53001.png
53003,53003.png
53005,53005.png
53007,53007.png
53009,53009.png
53011,53011.png
53013,53013.png
53015,53015.png
53017,53017.png
53019,53019.png
53021,53021.png
53023,53023.png
53025,53025.png
53027,53027.png
53029,53029.png
53031,53031.png
53033,53033.png
53035,53035.png
53037,53037.png
53039,53039.png
53041,53041.png
53043,53043.png
53045,53045.png
53047,53047.png
53049,53049.png
53051,53051.png
53053,53053.png
53055,53055.png
53057,53057.png
53059,53059.png
53061,53061.png
53063,53063.png
53065,53065.png
53067,53067.png
53069,53069.png
53071,53071.png
53073,53073.png
53075,53075.png
53077,53077.png
54001,54001.png
54003,54003.png
54005,54005.png
54007,54007.png
54009,54009.png
54011,54011.png
54013,54013.png
54015,54015.png
54017,54017.png
54019,54019.png
54021,54021.png
54023,54023.png
54025,54025.png
54027,54027.png
54029,54029.png
54031,54031.png
54033,54033.png
54035,54035.png
54037,54037.png
54039,54039.png
54041,54041.png
54043,54043.png
54045,54045.png
54047,54047.png
54049,54049.png
54051,54051.png
54053,54053.png
54055,54055.png
54057,54057.png
54059,54059.png
54061,54061.png
54063,54063.png
54065,54065.png
54067,54067.png
54069,54069.png
54071,54071.png
54073,54073.png
54075,54075.png
54077,54077.png
54079,54079.png
54081,54081.png
54083,54083.png
54085,54085.png
54087,54087.png
54089,54089.png
54091,54091.png
54093,54093.png
54095,54095.png
54097,54097.png
54099,54099.png
54101,54101.png
54103,54103.png
54105,54105.png
54107,54107.png
54109,54109.png
55001,55001.png
55003,55003.png
55005,55005.png
55007,55007.png
55009,55009.png
55011,55011.png
55013,55013.png
55015,55015.png
55017,55017.png
55019,55019.png
55021,55021.png
55023,55023.png
55025,55025.png
55027,55027.png
55029,55029.png
55031,55031.png
55033,55033.png
55035,55035.png
55037,55037.png
55039,55039.png
55041,55041.png
55043,55043.png
55045,55045.png
55047,55047.png
55049,55049.png
55051,55051.png
55053,55053.png
55055,55055.png
55057,55057.png
55059,55059.png
55061,55061.png
55063,55063.png
55065,55065.png
55067,55067.png
55069,55069.png
55071,55071.png
55073,55073.png
55075,55075.png
55077,55077.png
55078,55078.png
55079,55079.png
55081,55081.png
55083,55083.png
55085,55085.png
55087,55087.png
55089,55089.png
55091,55091.png
55093,55093.png
55095,55095.png
55097,55097.png
55099,55099.png
55101,55101.png
55103,55103.png
55105,55105.png
55107,55107.png
55109,55109.png
55111,55111.png
55113,55113.png
55115,55115.png
55117,55117.png
55119,55119.png
55121,55121.png
55123,55123.png
55125,55125.png
55127,55127.png
55129,55129.png
55131,55131.png
55133,55133.png
55135,55135.png
55137,55137.png
55139,55139.png
55141,55141.png
56001,56001.png
56003,56003.png
56005,56005.png
56007,56007.png
56009,56009.png
56011,56011.png
56013,56013.png
56015,56015.png
56017,56017.png
56019,56019.png
56021,56021.png
56023,56023.png
56025,56025.png
56027,56027.png
56029,56029.png
56031,56031.png
56033,56033.png
56035,56035.png
56037,56037.png
56039,56039.png
56041,56041.png
56043,56043.png
56045,56045.png
